ingredients,fdist
pepper,6434
salt,5303
oil,4982
grind,4395
garlic,4369
chicken,3510
onions,3162
fresh,3061
sauce,3032
olive,2657
red,2536
black,2412
cheese,2371
onion,1873
dry,1846
beef,1791
tomatoes,1717
flour,1643
juice,1552
cloves,1515
butter,1503
lemon,1458
water,1456
green,1427
sugar,1386
egg,1378
chili,1376
chop,1328
breast,1276
white,1275
wine,1273
parsley,1218
ginger,1213
soy,1196
leave,1130
rice,1109
cream,1103
boneless,1083
cumin,1080
paprika,1053
broth,1052
vinegar,1048
oregano,1016
powder,936
cilantro,929
bell,912
vegetable,900
corn,889
skinless,878
tomato,868
thyme,863
potatoes,850
seed,842
carrots,814
brown,812
cook,776
bay,771
kosher,766
milk,761
mustard,746
stock,740
lime,728
pork,721
paste,715
pineapple,711
mushroom,680
yellow,618
freshly,608
sour,598
sesame,566
leaf,560
feta,553
starch,551
extravirgin,542
yogurt,512
bean,510
shred,496
coriander,495
mince,475
bread,472
season,457
fish,451
dice,440
bacon,429
slice,426
grate,419
celery,411
roast,407
thighs,404
sweet,399
sea,393
turmeric,392
coconut,383
unsalted,375
olives,372
orange,368
cayenne,368
cucumber,368
cinnamon,365
parmesan,361
crush,356
flake,350
cabbage,347
noodles,346
worcestershire,341
honey,335
basil,333
whole,329
mzarella,317
dill,316
sausage,308
cheddar,306
shallots,299
masala,298
raw,294
peas,291
scallions,291
crumble,287
shrimp,283
dijon,281
ham,278
garam,275
steak,271
rosemary,265
light,264
canola,261
fren,258
spinach,257
crumb,255
spray,247
beer,246
curry,239
lettuce,234
tortillas,229
nutmeg,227
heavy,226
smoke,218
mint,216
ketchup,216
lean,216
cider,215
caraway,212
salsa,210
hot,207
rib,205
medium,204
saffron,204
pasta,204
meat,202
flat,201
lamb,189
mix,189
halve,186
sauerkraut,186
dark,185
zucchini,185
kalamata,183
buns,180
chuck,179
wedge,178
peppercorns,177
zest,176
soup,170
turkey,167
breadcrumbs,166
cleave,166
cherry,165
mirin,165
mayonnaise,163
bake,162
stew,159
hungarian,156
allspice,156
sprigs,153
avocado,152
sherry,151
chickpeas,146
shoulder,145
italian,145
pastry,142
oyster,140
sake,139
swiss,138
apple,138
pickle,137
peanut,137
chinese,135
chunk,133
crack,132
tenderloin,131
cardamom,130
of,128
toast,127
broccoli,126
potato,126
wheat,123
pizza,121
leeks,121
enchilada,121
fennel,118
jack,118
roll,117
steaks,116
balsamic,116
thread,113
brisket,110
baby,109
panko,109
puff,108
in,108
stick,108
apples,107
yolks,107
brats,106
taco,106
peel,105
sirloin,103
pit,102
and,102
cauliflower,101
spanish,100
hamburger,100
coarse,99
english,98
grain,97
caper,95
flank,94
hoisin,94
small,94
squash,94
barbecue,93
chives,93
russet,92
fat,92
loin,92
sage,92
almonds,91
pur,91
e,91
root,89
cold,88
eggplant,88
button,88
shaoxing,87
plum,87
salad,85
raisins,84
gruyere,84
ricotta,82
bone,82
tofu,82
marjoram,81
finely,81
pita,80
half,79
spaghetti,79
cub,79
pearl,78
gold,77
chorizo,76
french,75
grape,75
granulate,74
extra,73
spice,73
dress,73
de,73
florets,72
preserve,71
dough,70
mexican,70
round,69
lowfat,69
fivespice,69
yukon,68
shiitake,68
tarragon,67
can,67
romaine,67
duck,66
teriyaki,64
longgrain,64
spring,64
lentils,63
peanuts,63
hearts,63
monterey,63
quinoa,63
crust,63
vegetables,62
greek,61
miso,61
tzatziki,61
nut,61
artichoke,61
boil,60
cremini,60
basmati,60
roma,60
couscous,60
sodium,60
adobo,58
fine,57
bouillon,56
bbq,56
sharp,55
legs,55
ghee,54
clam,54
yeast,54
parsnips,53
horseradish,53
drumsticks,53
firm,53
chip,53
shell,53
old,53
virgin,53
gravy,53
mash,52
berry,52
marinara,52
carrot,51
veal,50
piece,49
beansprouts,49
filet,49
herbes,49
provence,49
style,49
apricot,48
warm,48
mango,48
sundried,48
buttermilk,47
soda,47
mussels,47
herbs,46
cornmeal,45
pimentos,44
prepare,44
cashew,44
butternut,44
top,43
anise,43
thai,43
long,43
leg,42
meatballs,42
whip,42
lasagna,41
blend,41
penne,41
cod,40
asparagus,40
sheet,39
jasmine,39
less,39
arugula,38
stout,38
marinade,38
wide,38
pancetta,37
kale,37
tabasco,37
el,36
refried,36
ring,36
bulb,36
cognac,36
star,36
golden,35
shorten,35
margarine,35
arborio,35
plantains,35
liquid,35
prosciutto,35
condense,35
drain,34
new,34
guinness,34
pie,34
crimini,33
cut,33
kielbasa,33
doughs,33
butt,33
lard,33
deli,33
crab,32
stuff,32
juniper,32
turnips,31
romano,31
sunflower,31
cr,31
me,31
fra,31
che,31
syrup,31
bonein,31
bamboo,31
shoot,31
chipotles,31
sliver,30
kidney,30
eye,30
tamari,30
pitas,30
melt,30
chestnuts,30
pod,30
dog,30
un,29
molasses,29
sandwich,29
provolone,29
cutlets,28
blue,28
kernels,28
pinenuts,28
dashi,28
snow,28
verde,28
goat,28
with,28
lager,27
brandy,27
ale,27
thickcut,27
orzo,27
liver,26
grapeseed,26
macaroni,26
whiskey,26
tamarind,26
vermouth,26
baguette,26
plain,26
stilton,26
fry,25
table,25
granny,25
smith,25
cajun,25
scallop,25
mild,25
lemongrass,25
malt,25
hummus,25
prawn,25
mccormick,25
steam,25
fenugreek,24
tortilla,24
belly,24
vidalia,24
radishes,24
salmon,24
sprout,24
low,24
creole,24
short,24
mignon,24
pesto,24
finger,24
reducedfat,23
hoagie,23
harissa,23
elbow,23
bertolli,23
crawfish,23
maple,23
tuna,23
pimento,23
serrano,22
guacamole,22
mein,22
burger,22
gruy,22
re,22
seaweed,22
kaffir,22
garbanzo,22
walnuts,22
skirt,22
pea,22
chunky,21
pecorino,21
ice,21
linguine,21
active,21
partskim,21
parmigiano,21
spareribs,21
phyllo,21
bouquet,21
muffins,21
choy,20
wing,20
refrigerate,20
burgundy,20
rump,20
soft,20
dillweed,20
lardons,20
bourbon,20
gallo,20
flavor,20
fettucine,20
madeira,20
paso,20
snack,20
relish,20
hardboiled,20
base,20
jumbo,20
seafood,20
spicy,19
shank,19
back,19
japanese,19
gingerroot,19
reggiano,19
arrowroot,19
full,19
chickens,19
pico,19
capsicum,19
whitefish,19
seedless,19
bok,18
udon,18
center,18
savoy,18
crusty,18
drippings,18
soba,18
country,18
cashews,18
rotisserie,18
chutney,18
lower,18
lump,18
chow,18
flatbread,18
queso,18
wild,18
iceberg,18
cotija,17
lobster,17
homemade,17
sourdough,17
pinto,17
pack,17
watercress,17
napa,17
instant,17
organic,17
port,17
fresco,17
nonstick,17
ras,16
hanout,16
rub,16
tapioca,16
pepperoncini,16
rum,16
granules,16
hock,16
halibut,16
tomatillos,15
wasabi,15
slab,15
concentrate,15
irish,15
marmalade,15
rind,15
eggplants,15
dal,15
naan,15
skim,15
almond,15
gnocchi,15
aminos,15
barley,15
veggies,15
cottage,14
rigatoni,14
kernel,14
oats,14
gari,14
pepperoni,14
clarify,14
littleneck,14
mung,14
gluten,14
jelly,14
garni,14
jam,14
mature,14
or,14
tip,14
porcini,14
oranges,13
pomegranate,13
pistachios,13
fire,13
palm,13
methi,13
glaze,13
portobello,13
lentil,13
firmly,13
tart,13
poppy,13
banana,13
quarter,13
strip,13
rutabaga,13
gingersnap,13
cherries,13
asafoetida,13
crescent,13
togarashi,13
skin,13
marble,13
mutton,13
beets,12
edamame,12
devein,12
fontina,12
cube,12
chestnut,12
brine,12
dinner,12
tahini,12
nectar,12
squid,12
great,12
northern,12
beat,12
spread,12
slider,12
meal,12
cap,12
buffalo,12
date,12
wrappers,12
hellmanns,12
best,12
mini,12
ragu,12
canadian,12
sushi,11
amchur,11
ranch,11
angel,11
hair,11
ciabatta,11
gouda,11
sweetener,11
pineapples,11
fully,11
demiglace,11
skinon,11
szechwan,11
brioche,11
crema,11
hothouse,11
nutritional,11
evaporate,11
hawaiian,11
slaw,11
weed,11
stem,11
food,11
chard,11
bananas,11
mace,11
coffee,11
foods,11
mandarin,10
burgers,10
drummettes,10
pate,10
equal,10
rotini,10
quickcooking,10
livers,10
sazon,10
wonton,10
ravioli,10
cranberries,10
tortellini,10
creamy,10
glutenfree,10
papaya,10
grapefruit,10
double,10
ziti,10
poblano,10
cutlet,10
gorgonzola,10
shichimi,10
ancho,10
kraft,10
vegan,10
shortgrain,10
forest,10
pumpkin,9
pocket,9
part,9
thin,9
classico,9
fronds,9
quick,9
german,9
agave,9
poultry,9
fingerling,9
spear,9
spaetzle,9
streaky,9
annatto,9
portabello,9
marinate,9
artichokes,9
hard,9
haddock,9
fruit,9
color,9
cannellini,9
applesauce,9
american,9
paella,9
b,9
chamel,9
vinaigrette,9
ramen,9
walnut,9
chipotle,9
catsup,9
tenderloins,9
gai,8
lan,8
tail,8
fettuccine,8
daikon,8
garden,8
pimenton,8
pinot,8
marsala,8
bisquick,8
paneer,8
i,8
cant,8
believe,8
its,8
not,8
pears,8
riesling,8
peach,8
stone,8
pull,8
pillsbury,8
fajita,8
sumac,8
farro,8
herb,8
cure,8
grill,8
extract,8
grit,8
cornbread,8
banger,8
champagne,8
vine,8
crisco,8
saltines,8
jeera,8
summer,8
coleslaw,8
shortcrust,8
savory,8
waxy,7
prune,7
patties,7
biscuit,7
pecans,7
uncook,7
hash,7
bowtie,7
brussels,7
regular,7
p,7
t,7
pernod,7
pot,7
freerange,7
cranberry,7
spam,7
traditional,7
boston,7
galangal,7
apricots,7
ovenready,7
pudding,7
bass,7
asian,7
min,7
blackeyed,7
pine,7
heirloom,7
himalayan,7
toppings,7
curd,7
rise,7
caster,7
on,7
thick,7
blanch,6
persian,6
tandoori,6
idaho,6
manchego,6
braise,6
suet,6
okra,6
head,6
tartar,6
curds,6
mazola,6
islands,6
cane,6
havarti,6
grapes,6
tender,6
currant,6
ferment,6
varnish,6
fryer,6
a,6
biscuits,6
feet,6
soften,6
pure,6
kasuri,6
bratwurst,6
dumplings,6
vanilla,6
gelatin,6
ripen,6
bomba,6
tequila,6
lowsodium,6
pink,6
neutral,6
campbells,6
rabe,6
puree,6
cardamon,6
shahi,6
bison,6
ripe,6
cuban,6
dubliner,6
tapenade,6
stir,5
rye,5
liqueur,5
msg,5
dip,5
noir,5
char,5
montr,5
al,5
split,5
broilerfryer,5
cassia,5
moong,5
bran,5
sargento,5
farm,5
wishbone,5
macadamia,5
no,5
add,5
lima,5
urad,5
mascarpone,5
pumpernickel,5
semolina,5
anchovy,5
pilsner,5
chervil,5
collard,5
sofrito,5
crepe,5
rabbit,5
madras,5
safflower,5
shoyu,5
greekstyle,5
bonito,5
maggi,5
side,5
croutons,5
prebaked,5
truffle,5
sel,5
crabmeat,5
scallion,5
all,5
foie,5
gras,5
grease,5
natural,5
california,5
turbinado,5
silken,5
grass,5
parma,5
anchovies,5
salami,5
cereal,5
cocktail,5
blossom,4
picante,4
mediumgrain,4
veggie,4
swanson,4
superfine,4
lo,4
brie,4
ear,4
ni,4
oise,4
tagliatelle,4
linguini,4
venison,4
scallopini,4
essence,4
colby,4
polenta,4
rotelle,4
heart,4
yams,4
cress,4
cage,4
free,4
duxelles,4
reducedsodium,4
european,4
goya,4
katakuriko,4
confit,4
moisture,4
substitute,4
oxtails,4
tilapia,4
oilcured,4
kiwi,4
freekeh,4
thousand,4
island,4
consomme,4
swedish,4
fig,4
tempeh,4
passata,4
pan,4
vegetarian,4
cocacola,4
noodle,4
minute,4
flax,4
rocket,4
distil,4
calamari,4
frankfurters,4
convert,4
bhindi,4
dole,4
beefsteak,4
balsamico,4
bianco,4
konbu,4
gya,4
loaves,4
haricots,4
verts,4
rich,4
plums,4
petite,4
buckwheat,4
fleur,4
prego,4
citrus,4
pancake,4
allpurpose,4
merlot,4
minicube,4
cipollini,4
rapeseed,4
up,4
kaiser,4
kasseri,4
perdue,4
grassfed,4
piquillo,4
cucumbers,4
yuzu,4
pig,4
crackers,4
nosaltadded,4
rock,4
mahi,4
swede,4
n,4
hanger,4
maui,4
sauc,4
shoga,4
frank,3
kabocha,3
bucatini,3
blade,3
peppercorn,3
nori,3
fusilli,3
goose,3
arctic,3
progresso,3
seville,3
delicious,3
muenster,3
tea,3
chanterelle,3
piecrusts,3
bisto,3
bitter,3
pies,3
broccolini,3
pappardelle,3
chocolate,3
drumstick,3
sole,3
guanciale,3
ch,3
vre,3
applewood,3
filo,3
roughy,3
tallow,3
achiote,3
enokitake,3
peperoncini,3
chaat,3
honeysuckle,3
chiffonade,3
reduction,3
reblochon,3
sambal,3
ulek,3
hollandaise,3
knudsen,3
vital,3
oatmeal,3
puy,3
endive,3
brew,3
taro,3
chayotes,3
marmite,3
castelvetrano,3
good,3
mole,3
crispcooked,3
iron,3
pale,3
fresca,3
aioli,3
cabernet,3
sauvignon,3
radish,3
yakisoba,3
navel,3
kecap,3
manis,3
artisan,3
ahi,3
sprig,3
lavender,3
schnitzel,3
purple,3
fiesta,3
philadelphia,3
make,3
lacinato,3
san,3
marzano,3
bulgur,3
flatbreads,3
accent,3
mentsuyu,3
giant,3
nutmegs,3
protein,3
sockeye,3
marrow,3
yoplait,3
store,3
buy,3
moroccan,3
tap,3
myzithra,3
perfect,3
portion,3
saltpeter,3
for,3
daal,3
four,3
jalapenos,3
cornflake,3
hazelnuts,3
jicama,3
vodka,3
rotel,3
acorn,3
thaw,3
portuguese,3
cookies,3
emmenthal,3
celtic,3
medjool,3
yolk,3
graham,3
york,3
pulp,3
teas,3
knockwurst,3
beni,3
codfish,3
delallo,3
nigella,3
tomatillo,3
inch,3
chex,2
porter,2
microgreens,2
hass,2
somen,2
size,2
wood,2
burdock,2
escarole,2
baton,2
rashers,2
soya,2
sticky,2
gram,2
jaggery,2
mellow,2
lotus,2
reduc,2
grigio,2
grouper,2
turkish,2
chevre,2
piripiri,2
asiago,2
muir,2
glen,2
nondairy,2
anjou,2
cake,2
sobrecitos,2
packets,2
kingfish,2
shiro,2
speck,2
tritip,2
ouzo,2
flageolet,2
cavenders,2
glace,2
uncooked,2
gochugaru,2
kewra,2
kitchen,2
chihuahua,2
zesty,2
pretzels,2
habanero,2
pepitas,2
truffles,2
shirataki,2
merluza,2
szechuan,2
marcona,2
homestyle,2
empanada,2
herdez,2
original,2
carcass,2
tiger,2
watermelon,2
ros,2
panang,2
shiso,2
melon,2
upland,2
club,2
spaghettini,2
sultana,2
dreamfields,2
rigate,2
ranchstyle,2
schmaltz,2
pretzel,2
render,2
tawny,2
barbeque,2
maduros,2
turnip,2
thigh,2
jones,2
dairy,2
laurel,2
flaxseed,2
poussins,2
herbed,2
leafy,2
lipton,2
gherkin,2
machine,2
spearmint,2
sardines,2
cola,2
ponzu,2
guava,2
jelli,2
italianstyle,2
maltose,2
manzanilla,2
king,2
capellini,2
unbaked,2
winter,2
kidnei,2
rins,2
mizuna,2
au,2
jus,2
ball,2
selfrising,2
risotto,2
sub,2
bai,2
cai,2
chardonnay,2
frisee,2
veri,2
classic,2
suckle,2
colour,2
tostones,2
oriental,2
fava,2
snail,2
nectarines,2
haricot,2
starchy,2
vermicelli,2
soak,2
tenderizer,2
rack,2
shin,2
rapid,2
cuttlefish,2
boar,2
cheesy,2
tidbits,2
octopuses,2
millet,2
fettuccini,2
softboiled,2
siu,2
assort,2
schweinefleisch,2
butterschmalz,2
salz,2
purpose,2
snapper,2
weisswurst,2
snappers,2
strawberries,2
lingonberry,2
raspberry,2
raspberries,2
recipe,2
seamless,2
house,2
dr,2
blood,2
massaman,2
redcurrant,2
bits,2
doritos,2
husk,2
gourmet,2
sprite,2
runny,2
goulash,2
kohlrabi,2
loosely,2
process,2
earth,2
balance,2
buttery,2
kidneys,2
masa,2
harina,2
tear,2
romain,2
lettuc,2
leav,2
sum,2
flatout,2
cracker,2
compote,2
comte,2
textured,2
unseasoned,2
cavatappi,2
rindfleisch,2
tomate,2
parikaschote,2
tomatenkonzentrat,2
paprikapulver,2
rahm,2
cocoa,2
xanthan,2
gum,2
plantain,2
well,2
scrub,2
mojo,2
rooster,2
blackberry,2
gem,2
snap,2
margarita,2
shuck,2
curly,2
ruby,2
pollock,2
catfish,2
mousse,2
blacken,2
korma,1
chermoula,1
sack,1
sb,1
imitation,1
tuttorosso,1
tonnarelli,1
mitsuba,1
salsify,1
straw,1
edam,1
fuji,1
bibb,1
cippolini,1
family,1
vineyards,1
hearty,1
caul,1
kelp,1
grade,1
point,1
sopressata,1
sheepshead,1
bottle,1
bag,1
picholine,1
scaloppini,1
batter,1
foster,1
gran,1
marnier,1
splenda,1
garnet,1
radicchio,1
skippy,1
scape,1
caesar,1
day,1
bliss,1
wrap,1
amba,1
press,1
kirsch,1
ribeye,1
rhubarb,1
paccheri,1
rajma,1
doubanjiang,1
biryani,1
rhine,1
laugh,1
cow,1
dungeness,1
rioja,1
leicester,1
oreida,1
blueeye,1
peter,1
wesson,1
jerk,1
hing,1
ricearoni,1
matchstick,1
yaki,1
dofu,1
brat,1
milkfat,1
shellon,1
johnsonville,1
meatloaf,1
daniels,1
vegeta,1
conchiglioni,1
lemonade,1
sansho,1
tonkatsu,1
unflavored,1
pistou,1
paper,1
semillon,1
randall,1
cavolo,1
nero,1
hide,1
valley,1
to,1
lb,1
into,1
serve,1
india,1
shape,1
brinecured,1
haloumi,1
honeycrisp,1
schnapps,1
ume,1
pam,1
fillo,1
oktoberfest,1
thickeners,1
wheel,1
gremolata,1
brummel,1
parrano,1
animal,1
string,1
gochujang,1
mahimahi,1
amber,1
holy,1
branzini,1
nacho,1
creme,1
bulghur,1
waffle,1
espelette,1
dukkah,1
candlenuts,1
arrabbiata,1
sprinkle,1
camembert,1
soymilk,1
piloncillo,1
calf,1
thinly,1
spike,1
buttermargarine,1
world,1
wash,1
mi,1
pepperidge,1
monkfish,1
ajinomoto,1
mexicorn,1
porridge,1
challa,1
five,1
halloumi,1
grinder,1
unsmoked,1
hog,1
case,1
cross,1
jambalaya,1
petits,1
pois,1
haas,1
avocados,1
curlyleaf,1
breadstick,1
nestle,1
carnation,1
glass,1
lady,1
gris,1
anardana,1
comino,1
rome,1
oldfashioned,1
stand,1
cantaloupe,1
bengal,1
flower,1
starter,1
fourcheese,1
loaf,1
key,1
tri,1
bavarian,1
pierogi,1
cep,1
london,1
broil,1
blackstrap,1
agar,1
master,1
bartlett,1
mitsukan,1
saltine,1
canton,1
toor,1
unagi,1
orecchiette,1
rapini,1
jordan,1
hazelnut,1
aleppo,1
vay,1
touch,1
carbonate,1
calve,1
albacore,1
wagyu,1
ritz,1
emerils,1
pasteurize,1
burrito,1
helix,1
veget,1
century,1
patty,1
genoa,1
golds,1
segment,1
heinz,1
lasagne,1
imperial,1
meyer,1
lemons,1
honeydew,1
peppermint,1
pepperocini,1
virginia,1
fidelini,1
pastis,1
rumps,1
zaatar,1
parboil,1
carnaroli,1
beet,1
manicotti,1
radiatori,1
hare,1
lachs,1
champignon,1
honig,1
senf,1
m,1
hre,1
selleriegr,1
bratensaft,1
semmelbr,1
schwarzpfeffer,1
majoran,1
wein,1
zitronensaft,1
yamaimo,1
chimichurri,1
muffin,1
prepar,1
burrata,1
dolce,1
clementines,1
brazil,1
quinces,1
leftover,1
cookie,1
cavatelli,1
other,1
fritos,1
athenos,1
delicata,1
swordfish,1
creations,1
cole,1
keema,1
jerky,1
yucca,1
chole,1
groats,1
verjus,1
clear,1
grey,1
poupon,1
matzo,1
ink,1
navy,1
dhal,1
spell,1
tongue,1
psyllium,1
gomashio,1
niblets,1
crystal,1
syrah,1
mackerel,1
smooth,1
univer,1
pak,1
choi,1
hefeweizen,1
shave,1
basilflavored,1
gemelli,1
rucola,1
matzos,1
wish,1
mizkan,1
oigatsuo,1
tsuyu,1
englishcut,1
calamata,1
foldit,1
kefalotyri,1
oven,1
bun,1
seitan,1
barramundi,1
neufch,1
tel,1
sp,1
tzle,1
nappa,1
carne,1
asada,1
fill,1
hips,1
chateaubriand,1
reserve,1
moreton,1
bug,1
roe,1
tostada,1
flathead,1
yuca,1
mission,1
mrs,1
dash,1
bocconcini,1
doubleacting,1
moulard,1
currants,1
seltzer,1
bream,1
mullet,1
sunset,1
tropical,1
ono,1
v,1
dri,1
elderflower,1
cordial,1
shortbreads,1
the,1
rindergehacktes,1
mais,1
kidneybohnen,1
knoblauch,1
oliven,1
l,1
basilikum,1
kabuli,1
channa,1
holland,1
strawberry,1
lillet,1
kirby,1
applegate,1
riceselect,1
orang,1
juic,1
undilut,1
candy,1
knox,1
liverwurst,1
cockle,1
chees,1
rosa,1
undrain,1
semisweet,1
satsuma,1
imo,1
poi,1
fideos,1
rainbow,1
readymade,1
jackfruit,1
gizzards,1
knackwurst,1
wondra,1
copha,1
inariage,1
fishcake,1
tikka,1
cheek,1
chinkiang,1
rouille,1
mesclun,1
zinfandel,1
yardlong,1
malbec,1
del,1
monte,1
culantro,1
hickoryflavored,1
hemp,1
broad,1
turkei,1
hebrew,1
national,1
secrets,1
echalion,1
viande,1
fungus,1
tbone,1
cornichons,1
hominy,1
pumpkinseeds,1
hokkien,1
seckel,1
germ,1
flesh,1
budweiser,1
coke,1
armagnac,1
capon,1
fit,1
easy,1
catalina,1
mignons,1
squabs,1
unsulphured,1
spot,1
mochi,1
ragout,1
kefalotiri,1
tentacles,1
beetroots,1
shellfish,1
dorot,1
roti,1
tater,1
tot,1
deepfried,1
blackpepper,1
muscovado,1
ramp,1
sorrel,1
coat,1
jameson,1
pinch,1
bottom,1
pollen,1
tyson,1
reduce,1
shiromiso,1
submarine,1
kewpie,1
popcorn,1
stevia,1
vineyard,1
premium,1
collect,1
burgundi,1
cornflakes,1
kasha,1
scampi,1
kiwifruit,1
dumpling,1
cabot,1
rockfish,1
crispy,1
magret,1
guinea,1
hens,1
squirt,1
demerara,1
sebr,1
he,1
lorbeer,1
knoblaucknolle,1
k,1
mmelpulver,1
pfeffer,1
skate,1
crayfish,1
egglands,1
noilly,1
prat,1
robusto,1
falafel,1
ajvar,1
hoagi,1
tendons,1
chee,1
hou,1
jalapeno,1
win,1
ton,1
sicilian,1
aonori,1
creami,1
soybean,1
