ingredients,fdist
zucchini,185
ziti,10
zest,176
yukon,68
yolks,107
yogurt,512
yellow,618
yeast,54
wrappers,12
worcestershire,341
wonton,10
with,28
wing,20
wine,1273
wild,18
wide,38
whole,329
whitefish,19
white,1275
whiskey,26
whip,42
wheat,123
weed,11
wedge,178
watercress,17
water,1456
wasabi,15
warm,48
walnuts,22
walnut,9
virgin,53
vinegar,1048
vine,8
vinaigrette,9
vidalia,24
vermouth,26
verde,28
veggies,15
vegetables,62
vegetable,900
vegan,10
veal,50
unsalted,375
un,29
udon,18
tzatziki,61
turnips,31
turmeric,392
turkey,167
tuna,23
tortillas,229
tortilla,24
tortellini,10
top,43
tomatoes,1717
tomato,868
tomatillos,15
togarashi,13
tofu,82
toast,127
tip,14
thyme,863
thread,113
thin,9
thighs,404
thickcut,27
thai,43
teriyaki,64
tenderloins,9
tenderloin,131
tart,13
tarragon,67
tapioca,16
tamarind,26
tamari,30
tail,8
tahini,12
taco,106
table,25
tabasco,37
szechwan,11
syrup,31
swiss,138
sweetener,11
sweet,399
sushi,11
sunflower,31
sundried,48
summer,8
sumac,8
sugar,1386
style,49
stuff,32
strip,13
streaky,9
stout,38
stone,8
stock,740
stilton,26
stick,108
stew,159
stem,11
steam,25
steaks,116
steak,271
starch,551
star,36
squid,12
squash,94
sprout,24
spring,64
sprigs,153
spread,12
spray,247
spinach,257
spicy,19
spice,73
spear,9
spareribs,21
spanish,100
spaghetti,79
spaetzle,9
soy,1196
sourdough,17
sour,598
soup,170
soft,20
sodium,60
soda,47
soba,18
snow,28
snack,20
smoke,218
smith,25
small,94
sliver,30
slider,12
slice,426
slaw,11
slab,15
skirt,22
skinon,11
skinless,878
skin,13
skim,15
sirloin,103
shrimp,283
shred,496
shoulder,145
shortgrain,10
shorten,35
short,24
shoot,31
shiitake,68
shichimi,10
sherry,151
shell,53
sheet,39
sharp,55
shaoxing,87
shank,19
shallots,299
sesame,566
serrano,22
seedless,19
seed,842
seaweed,22
season,457
seafood,20
sea,393
scallop,25
scallions,291
sazon,10
savoy,18
sausage,308
sauerkraut,186
sauce,3032
sandwich,29
saltines,8
salt,5303
salsa,210
salmon,24
salad,85
sake,139
sage,92
saffron,204
rutabaga,13
russet,92
rump,20
rum,16
rub,16
round,69
rotisserie,18
rotini,10
rosemary,265
root,89
romano,31
romaine,67
roma,60
roll,117
roast,407
ring,36
rind,15
rigatoni,14
riesling,8
ricotta,82
rice,1109
rib,205
relish,20
reggiano,19
refrigerate,20
refried,36
reducedfat,23
red,2536
re,22
raw,294
ravioli,10
ras,16
ranch,11
ramen,9
raisins,84
ragu,12
radishes,24
quinoa,63
quickcooking,10
quick,9
queso,18
quarter,13
pur,91
pumpkin,9
pull,8
puff,108
provolone,29
provence,49
prosciutto,35
preserve,71
prepare,44
prawn,25
powder,936
poultry,9
potatoes,850
potato,126
portobello,13
portabello,9
port,17
pork,721
porcini,14
poppy,13
pomegranate,13
pod,30
pocket,9
poblano,10
plum,87
plantains,35
plain,26
pizza,121
pitas,30
pita,80
pit,102
pistachios,13
pinto,17
pinot,8
pinenuts,28
pineapples,11
pineapple,711
pimentos,44
pimenton,8
pimento,23
pillsbury,8
piece,49
pie,34
pico,19
pickle,137
phyllo,21
pesto,24
pepperoni,14
pepperoncini,16
peppercorns,177
pepper,6434
penne,41
peel,105
pecorino,21
peas,291
pears,8
pearl,78
peanuts,63
peanut,137
peach,8
pea,22
pate,10
pastry,142
paste,715
pasta,204
paso,20
partskim,21
part,9
parsnips,53
parsley,1218
parmigiano,21
parmesan,361
paprika,1053
papaya,10
panko,109
paneer,8
pancetta,37
palm,13
paella,9
pack,17
oyster,140
orzo,27
organic,17
oregano,1016
oranges,13
orange,368
or,14
onions,3162
onion,1873
olives,372
olive,2657
old,53
oil,4982
of,128
oats,14
nutritional,11
nutmeg,227
nut,61
not,8
northern,12
noodles,346
nonstick,17
new,34
nectar,12
napa,17
naan,15
mzarella,317
mutton,13
mustard,746
mussels,47
mushroom,680
mung,14
muffins,21
monterey,63
molasses,29
mix,189
miso,61
mirin,165
mint,216
mini,12
mince,475
milk,761
mild,25
mignon,24
mexican,70
methi,13
melt,30
mein,22
medium,204
meatballs,42
meat,202
meal,12
me,31
mccormick,25
mayonnaise,163
mature,14
mash,52
masala,298
marsala,8
marmalade,15
marjoram,81
marinate,9
marinara,52
marinade,38
margarine,35
marble,13
maple,23
mango,48
mandarin,10
malt,25
madeira,20
mace,11
macaroni,26
lump,18
lowfat,69
lower,18
low,24
longgrain,64
long,43
loin,92
lobster,17
livers,10
liver,26
littleneck,14
liquid,35
linguine,21
lime,728
light,264
lettuce,234
less,39
lentils,63
lentil,13
lemongrass,25
lemon,1458
legs,55
leg,42
leeks,121
leave,1130
lean,216
leaf,560
lasagna,41
lardons,20
lard,33
lan,8
lamb,189
lager,27
kraft,10
kosher,766
kielbasa,33
kidney,30
ketchup,216
kernels,28
kernel,14
kale,37
kalamata,183
kaffir,22
juniper,32
jumbo,20
juice,1552
jelly,14
jeera,8
jasmine,39
japanese,19
jam,14
jack,118
its,8
italian,145
irish,15
instant,17
in,108
iceberg,18
ice,21
i,8
hungarian,156
hummus,25
hothouse,11
hot,207
horseradish,53
honey,335
homemade,17
hoisin,94
hock,16
hoagie,23
herbs,46
herbes,49
herb,8
hellmanns,12
heavy,226
hearts,63
hawaiian,11
harissa,23
hardboiled,20
hard,9
hanout,16
hamburger,100
ham,278
halve,186
halibut,16
half,79
hair,11
haddock,9
guinness,34
guacamole,22
gruyere,84
gruy,22
grit,8
grind,4395
grill,8
green,1427
greek,61
great,12
gravy,53
grate,419
grapeseed,26
grapefruit,10
grape,75
granules,16
granulate,74
granny,25
grain,97
gouda,11
gorgonzola,10
golden,35
gold,77
goat,28
gnocchi,15
glutenfree,10
gluten,14
glaze,13
gingersnap,13
gingerroot,19
ginger,1213
ghee,54
german,9
garni,14
garlic,4369
gari,14
garden,8
garbanzo,22
garam,275
gallo,20
gai,8
fully,11
full,19
fry,25
fruit,9
fronds,9
freshly,608
fresh,3061
fresco,17
french,75
fren,258
fra,31
forest,10
foods,11
food,11
fontina,12
flour,1643
florets,72
flavor,20
flatbread,18
flat,201
flank,94
flake,350
fivespice,69
fish,451
firmly,13
firm,53
fire,13
fingerling,9
finger,24
finely,81
fine,57
filet,49
fettucine,20
fettuccine,8
feta,553
fenugreek,24
fennel,118
fat,92
farro,8
fajita,8
eye,30
extravirgin,542
extract,8
extra,73
evaporate,11
equal,10
english,98
enchilada,121
elbow,23
el,36
eggplants,15
eggplant,88
egg,1378
edamame,12
e,91
duck,66
dry,1846
drumsticks,53
drummettes,10
drippings,18
dress,73
drain,34
doughs,33
dough,70
double,10
dog,30
dinner,12
dillweed,20
dill,316
dijon,281
dice,440
devein,12
demiglace,11
deli,33
de,73
date,12
dashi,28
dark,185
dal,15
daikon,8
cutlets,28
cutlet,10
cut,33
curry,239
cure,8
cumin,1080
cucumber,368
cube,12
cub,79
crusty,18
crust,63
crush,356
crumble,287
crumb,255
crisco,8
crimini,33
crescent,13
creole,24
cremini,60
crema,11
creamy,10
cream,1103
crawfish,23
cranberries,10
crack,132
crab,32
cr,31
couscous,60
country,18
cottage,14
cotija,17
cornmeal,45
cornbread,8
corn,889
coriander,495
cook,776
condense,35
concentrate,15
color,9
coleslaw,8
cold,88
cognac,36
coffee,11
cod,40
coconut,383
coarse,99
cloves,1515
cleave,166
classico,9
clarify,14
clam,54
cinnamon,365
cilantro,929
cider,215
ciabatta,11
chutney,18
chunky,21
chunk,133
chuck,179
choy,20
chow,18
chorizo,76
chop,1328
chives,93
chipotles,31
chipotle,9
chip,53
chinese,135
chili,1376
chickpeas,146
chickens,19
chicken,3510
chestnuts,30
chestnut,12
cherry,165
cherries,13
cheese,2371
cheddar,306
che,31
chard,11
champagne,8
chamel,9
center,18
celery,411
cayenne,368
cauliflower,101
catsup,9
cashews,18
cashew,44
carrots,814
carrot,51
cardamom,130
caraway,212
capsicum,19
caper,95
cap,12
cant,8
canola,261
cannellini,9
canadian,12
can,67
cajun,25
cabbage,347
button,88
butternut,44
buttermilk,47
butter,1503
butt,33
burgundy,20
burgers,10
burger,22
buns,180
bulb,36
buffalo,12
brown,812
broth,1052
broccoli,126
brisket,110
brioche,11
brine,12
breast,1276
breadcrumbs,166
bread,472
brats,106
brandy,27
bourbon,20
bouquet,21
bouillon,56
boneless,1083
bonein,31
bone,82
bok,18
boil,60
blue,28
blend,41
black,2412
bisquick,8
best,12
bertolli,23
berry,52
belly,24
bell,912
believe,8
beets,12
beer,246
beef,1791
beat,12
beansprouts,49
bean,510
bbq,56
bay,771
basmati,60
basil,333
base,20
barley,15
barbecue,93
banger,8
bananas,11
banana,13
bamboo,31
balsamic,116
bake,162
baguette,26
bacon,429
back,19
baby,109
b,9
avocado,152
asparagus,40
asafoetida,13
arugula,38
artichokes,9
artichoke,61
arrowroot,19
arborio,35
apricot,48
applesauce,9
apples,107
apple,138
annatto,9
anise,43
angel,11
and,102
ancho,10
aminos,15
american,9
amchur,11
almonds,91
almond,15
allspice,156
ale,27
agave,9
adobo,58
active,21
